timestamp,host,latency_ms,status
2026-03-01 09:44:28,github.com,44.5,OK
2026-03-01 09:44:31,github.com,42.6,OK
2026-03-01 09:44:34,github.com,None,FAIL
2026-03-01 09:44:47,github.com,47.7,OK
2026-03-01 09:44:50,github.com,46.1,OK
2026-03-01 09:44:54,github.com,43.4,OK
2026-03-01 09:44:57,github.com,43.8,OK
2026-03-01 09:45:00,github.com,43.5,OK
2026-03-01 09:45:03,github.com,43.9,OK
2026-03-01 09:45:06,github.com,44.1,OK
2026-03-01 09:45:09,github.com,47.4,OK
2026-03-01 09:45:12,github.com,47.2,OK
2026-03-01 09:45:15,github.com,43.6,OK
2026-03-01 09:45:18,github.com,45.5,OK
2026-03-01 09:45:21,github.com,43.5,OK
2026-03-01 09:45:24,github.com,43.8,OK
2026-03-01 09:45:27,github.com,44.3,OK
2026-03-01 09:45:30,github.com,44.7,OK
2026-03-01 09:45:33,github.com,44.8,OK
2026-03-01 09:45:36,github.com,44.5,OK
2026-03-01 09:45:39,github.com,46.1,OK
2026-03-01 09:45:43,github.com,44.3,OK
2026-03-01 09:45:46,github.com,44.1,OK
2026-03-01 09:45:49,github.com,44.7,OK
2026-03-01 09:45:52,github.com,44.7,OK
2026-03-01 09:45:55,github.com,50.9,OK
2026-03-01 09:45:58,github.com,45.1,OK
2026-03-01 09:46:01,github.com,45.1,OK
2026-03-01 09:46:04,github.com,44.0,OK
2026-03-01 09:46:07,github.com,44.9,OK
2026-03-01 09:46:10,github.com,45.2,OK
2026-03-01 09:46:13,github.com,45.7,OK
2026-03-01 09:46:16,github.com,248.0,OK
2026-03-01 09:46:20,github.com,47.3,OK
2026-03-01 09:46:23,github.com,44.6,OK
2026-03-01 09:46:26,github.com,63.1,OK
2026-03-01 09:46:29,github.com,72.0,OK
2026-03-01 09:46:32,github.com,52.7,OK
2026-03-01 09:46:35,github.com,44.6,OK
2026-03-01 09:46:38,github.com,53.5,OK
2026-03-01 09:46:41,github.com,44.6,OK
2026-03-01 09:46:44,github.com,45.2,OK
2026-03-01 09:46:47,github.com,44.2,OK
2026-03-01 09:46:50,github.com,44.5,OK
2026-03-01 09:46:53,github.com,50.8,OK
2026-03-01 09:46:56,github.com,45.0,OK
2026-03-01 09:47:00,github.com,44.9,OK
2026-03-01 09:47:03,github.com,44.6,OK
2026-03-01 09:47:06,github.com,44.7,OK
2026-03-01 09:47:09,github.com,44.4,OK
2026-03-01 09:47:12,github.com,44.3,OK
2026-03-01 09:47:15,github.com,44.6,OK
2026-03-01 09:47:18,github.com,44.7,OK
2026-03-01 09:47:21,github.com,45.1,OK
2026-03-01 09:47:24,github.com,46.6,OK
2026-03-01 09:47:27,github.com,44.2,OK
2026-03-01 09:47:30,github.com,45.2,OK
2026-03-01 09:47:33,github.com,71.7,OK
2026-03-01 09:47:36,github.com,44.4,OK
2026-03-01 09:47:39,github.com,44.1,OK
2026-03-01 09:47:43,github.com,45.1,OK
2026-03-01 09:47:46,github.com,96.7,OK
2026-03-01 09:47:49,github.com,44.6,OK
2026-03-01 09:47:52,github.com,44.5,OK
2026-03-01 09:47:55,github.com,44.8,OK
2026-03-01 09:47:58,github.com,45.3,OK
2026-03-01 09:48:01,github.com,45.0,OK
2026-03-01 09:48:04,github.com,44.4,OK
2026-03-01 09:48:07,github.com,45.0,OK
2026-03-01 09:48:10,github.com,45.0,OK
2026-03-01 09:48:13,github.com,93.3,OK
2026-03-01 09:48:16,github.com,45.3,OK
2026-03-01 09:48:20,github.com,44.3,OK
2026-03-01 09:48:23,github.com,45.2,OK
2026-03-01 09:48:26,github.com,45.8,OK
2026-03-01 09:48:29,github.com,77.8,OK
2026-03-01 09:48:32,github.com,45.0,OK
2026-03-01 09:48:35,github.com,45.4,OK
2026-03-01 09:48:38,github.com,55.6,OK
2026-03-01 09:48:41,github.com,44.3,OK
2026-03-01 09:48:44,github.com,87.2,OK
2026-03-01 09:48:54,github.com,44.6,OK
2026-03-01 09:48:57,github.com,44.4,OK
2026-03-01 09:49:00,github.com,44.8,OK
2026-03-01 09:49:03,github.com,44.7,OK
2026-03-01 09:49:06,github.com,44.7,OK
2026-03-01 09:49:09,github.com,44.9,OK
2026-03-01 09:49:12,github.com,99.6,OK
2026-03-01 09:49:15,github.com,55.9,OK
2026-03-01 09:49:18,github.com,44.8,OK
2026-03-01 09:49:22,github.com,46.3,OK
2026-03-01 09:49:25,github.com,44.7,OK
2026-03-01 09:49:28,github.com,45.6,OK
2026-03-01 09:49:31,github.com,46.7,OK
2026-03-01 09:49:34,github.com,46.1,OK
2026-03-01 09:49:37,github.com,45.0,OK
2026-03-01 09:49:40,github.com,75.9,OK
2026-03-01 09:49:43,github.com,45.2,OK
2026-03-01 09:49:46,github.com,44.0,OK
2026-03-01 09:49:49,github.com,49.3,OK
2026-03-01 09:49:53,github.com,44.2,OK
2026-03-01 09:49:56,github.com,94.2,OK
2026-03-01 09:49:59,github.com,44.3,OK
2026-03-01 09:50:02,github.com,44.5,OK
2026-03-01 09:50:05,github.com,45.2,OK
2026-03-01 09:50:08,github.com,47.9,OK
2026-03-01 09:50:11,github.com,43.8,OK
2026-03-01 09:50:14,github.com,45.5,OK
2026-03-01 09:50:17,github.com,45.1,OK
2026-03-01 09:50:20,github.com,45.3,OK
2026-03-01 09:50:23,github.com,45.0,OK
2026-03-01 09:50:26,github.com,44.4,OK
2026-03-01 09:50:29,github.com,72.1,OK
2026-03-01 09:50:33,github.com,44.1,OK
2026-03-01 09:50:36,github.com,44.7,OK
2026-03-01 09:50:39,github.com,44.6,OK
2026-03-01 09:50:42,github.com,46.0,OK
2026-03-01 09:50:45,github.com,44.2,OK
2026-03-01 09:50:48,github.com,43.3,OK
2026-03-01 09:50:51,github.com,43.8,OK
2026-03-01 09:50:54,github.com,45.3,OK
2026-03-01 09:50:57,github.com,44.6,OK
2026-03-01 09:51:00,github.com,None,FAIL
2026-03-01 09:51:13,github.com,45.8,OK
2026-03-01 09:51:16,github.com,45.0,OK
2026-03-01 09:51:19,github.com,45.2,OK
2026-03-01 09:51:22,github.com,44.7,OK
2026-03-01 09:51:25,github.com,338.0,OK
2026-03-01 09:51:29,github.com,46.3,OK
2026-03-01 09:51:32,github.com,44.5,OK
2026-03-01 09:51:35,github.com,44.4,OK
2026-03-01 09:51:38,github.com,47.0,OK
2026-03-01 09:51:41,github.com,49.7,OK
2026-03-01 09:51:44,github.com,45.3,OK
2026-03-01 09:51:47,github.com,45.2,OK
2026-03-01 09:51:50,github.com,44.2,OK
2026-03-01 09:51:53,github.com,44.1,OK
2026-03-01 09:51:56,github.com,44.6,OK
2026-03-01 09:51:59,github.com,44.4,OK
2026-03-01 09:52:03,github.com,44.8,OK
2026-03-01 09:52:06,github.com,44.3,OK
2026-03-01 09:52:09,github.com,44.9,OK
2026-03-01 09:52:12,github.com,44.9,OK
2026-03-01 09:52:15,github.com,44.9,OK
2026-03-01 09:52:18,github.com,44.6,OK
2026-03-01 09:52:21,github.com,47.5,OK
2026-03-01 09:52:24,github.com,44.7,OK
2026-03-01 09:52:27,github.com,45.4,OK
2026-03-01 09:52:30,github.com,61.3,OK
2026-03-01 09:52:33,github.com,44.0,OK
2026-03-01 09:52:36,github.com,44.5,OK
2026-03-01 09:52:39,github.com,56.3,OK
2026-03-01 09:52:42,github.com,44.8,OK
2026-03-01 09:52:46,github.com,45.7,OK
2026-03-01 09:52:49,github.com,52.6,OK
2026-03-01 09:52:52,github.com,None,FAIL
2026-03-01 09:53:05,github.com,47.7,OK
2026-03-01 09:53:08,github.com,44.4,OK
2026-03-01 09:53:11,github.com,46.4,OK
2026-03-01 09:53:14,github.com,45.1,OK
2026-03-01 09:53:17,github.com,44.5,OK
2026-03-01 09:53:20,github.com,44.7,OK
2026-03-01 09:53:23,github.com,44.8,OK
2026-03-01 09:53:26,github.com,45.0,OK
2026-03-01 09:53:29,github.com,45.0,OK
2026-03-01 09:53:32,github.com,45.7,OK
2026-03-01 09:53:35,github.com,44.1,OK
2026-03-01 09:53:38,github.com,44.5,OK
2026-03-01 09:53:42,github.com,45.1,OK
2026-03-01 09:53:45,github.com,44.6,OK
2026-03-01 09:53:48,github.com,45.7,OK
2026-03-01 09:53:51,github.com,44.5,OK
2026-03-01 09:53:55,github.com,44.9,OK
2026-03-01 09:53:58,github.com,43.5,OK
2026-03-01 09:54:01,github.com,69.5,OK
2026-03-01 09:54:04,github.com,44.8,OK
2026-03-01 09:54:07,github.com,44.4,OK
2026-03-01 09:54:10,github.com,45.2,OK
2026-03-01 09:54:13,github.com,44.8,OK
2026-03-01 09:54:16,github.com,52.5,OK
2026-03-01 09:54:19,github.com,45.0,OK
2026-03-01 09:54:22,github.com,45.3,OK
2026-03-01 09:54:25,github.com,None,FAIL
2026-03-01 09:54:38,github.com,44.9,OK
2026-03-01 09:54:41,github.com,49.2,OK
2026-03-01 09:54:44,github.com,45.6,OK
2026-03-01 09:54:48,github.com,46.2,OK
2026-03-01 09:54:51,github.com,48.2,OK
2026-03-01 09:54:54,github.com,233.0,OK
2026-03-01 09:54:57,github.com,44.5,OK
2026-03-01 09:55:00,github.com,44.7,OK
2026-03-01 09:55:03,github.com,45.3,OK
2026-03-01 09:55:06,github.com,45.1,OK
2026-03-01 09:55:09,github.com,44.4,OK
2026-03-01 09:55:12,github.com,44.5,OK
2026-03-01 09:55:15,github.com,44.6,OK
2026-03-01 09:55:18,github.com,45.4,OK
2026-03-01 09:55:22,github.com,44.9,OK
2026-03-01 09:55:25,github.com,44.2,OK
2026-03-01 09:55:28,github.com,44.0,OK
2026-03-01 09:55:31,github.com,44.0,OK
2026-03-01 09:55:34,github.com,44.6,OK
2026-03-01 09:55:37,github.com,45.0,OK
2026-03-01 09:55:40,github.com,47.9,OK
2026-03-01 09:55:43,github.com,44.8,OK
2026-03-01 09:55:46,github.com,44.3,OK
2026-03-01 09:55:49,github.com,44.6,OK
2026-03-01 09:55:52,github.com,44.4,OK
2026-03-01 09:55:55,github.com,44.2,OK
2026-03-01 09:55:58,github.com,44.7,OK
2026-03-01 09:56:01,github.com,45.6,OK
2026-03-01 09:56:05,github.com,47.4,OK
2026-03-01 09:56:08,github.com,45.2,OK
2026-03-01 09:56:11,github.com,47.0,OK
2026-03-01 09:56:14,github.com,70.4,OK
2026-03-01 09:56:17,github.com,44.8,OK
2026-03-01 09:56:20,github.com,52.4,OK
2026-03-01 09:56:23,github.com,285.0,OK
2026-03-01 09:56:26,github.com,298.0,OK
2026-03-01 09:56:30,github.com,45.0,OK
2026-03-01 09:56:33,github.com,264.0,OK
2026-03-01 09:56:36,github.com,107.0,OK
2026-03-01 09:56:39,github.com,44.9,OK
2026-03-01 09:56:42,github.com,44.2,OK
2026-03-01 09:56:45,github.com,44.6,OK
2026-03-01 09:56:48,github.com,44.7,OK
2026-03-01 09:56:51,github.com,44.6,OK
2026-03-01 09:56:54,github.com,44.4,OK
2026-03-01 09:56:58,github.com,44.5,OK
2026-03-01 09:57:01,github.com,50.0,OK
2026-03-01 09:57:04,github.com,44.3,OK
2026-03-01 09:57:07,github.com,153.0,OK
2026-03-01 09:57:10,github.com,57.9,OK
2026-03-01 09:57:13,github.com,45.2,OK
2026-03-01 09:57:16,github.com,44.5,OK
2026-03-01 09:57:19,github.com,44.5,OK
2026-03-01 09:57:22,github.com,44.6,OK
2026-03-01 09:57:25,github.com,44.9,OK
2026-03-01 09:57:29,github.com,48.1,OK
2026-03-01 09:57:32,github.com,104.0,OK
2026-03-01 09:57:35,github.com,45.2,OK
2026-03-01 09:57:38,github.com,44.0,OK
2026-03-01 09:57:41,github.com,46.8,OK
2026-03-01 09:57:44,github.com,45.0,OK
2026-03-01 09:57:47,github.com,43.9,OK
2026-03-01 09:57:50,github.com,52.8,OK
2026-03-01 09:57:53,github.com,43.4,OK
2026-03-01 09:57:56,github.com,46.0,OK
2026-03-01 09:58:00,github.com,51.7,OK
2026-03-01 09:58:03,github.com,48.3,OK
2026-03-01 09:58:06,github.com,64.0,OK
2026-03-01 09:58:09,github.com,47.5,OK
2026-03-01 09:58:12,github.com,49.4,OK
2026-03-01 09:58:15,github.com,44.6,OK
2026-03-01 09:58:18,github.com,47.6,OK
2026-03-01 09:58:21,github.com,44.2,OK
2026-03-01 09:58:24,github.com,45.7,OK
2026-03-01 09:58:27,github.com,45.9,OK
2026-03-01 09:58:30,github.com,46.8,OK
2026-03-01 09:58:33,github.com,44.6,OK
2026-03-01 09:58:41,github.com,59.4,OK
2026-03-01 09:58:50,github.com,48.7,OK
2026-03-01 09:58:53,github.com,44.5,OK
2026-03-01 09:58:56,github.com,308.0,OK
2026-03-01 09:58:59,github.com,43.7,OK
2026-03-01 09:59:02,github.com,44.6,OK
2026-03-01 09:59:05,github.com,45.9,OK
2026-03-01 09:59:08,github.com,45.6,OK
2026-03-01 09:59:11,github.com,45.4,OK
2026-03-01 09:59:14,github.com,200.0,OK
2026-03-01 09:59:18,github.com,45.0,OK
2026-03-01 09:59:21,github.com,45.4,OK
2026-03-01 09:59:24,github.com,44.7,OK
2026-03-01 09:59:27,github.com,45.1,OK
2026-03-01 09:59:30,github.com,44.5,OK
2026-03-01 09:59:33,github.com,45.2,OK
2026-03-01 09:59:36,github.com,47.4,OK
2026-03-01 09:59:39,github.com,44.9,OK
2026-03-01 09:59:42,github.com,None,FAIL
2026-03-01 09:59:56,github.com,45.5,OK
2026-03-01 09:59:59,github.com,45.6,OK
2026-03-01 10:00:02,github.com,44.2,OK
2026-03-01 10:00:05,github.com,48.8,OK
2026-03-01 10:00:08,github.com,44.1,OK
2026-03-01 10:00:11,github.com,44.7,OK
2026-03-01 10:00:14,github.com,44.2,OK
2026-03-01 10:00:17,github.com,44.6,OK
2026-03-01 10:00:20,github.com,43.5,OK
2026-03-01 10:00:23,github.com,44.0,OK
2026-03-01 10:00:26,github.com,45.6,OK
2026-03-01 10:00:29,github.com,44.9,OK
2026-03-01 10:00:32,github.com,67.7,OK
2026-03-01 10:00:36,github.com,44.7,OK
2026-03-01 10:00:39,github.com,45.0,OK
2026-03-01 10:00:42,github.com,44.8,OK
2026-03-01 10:00:45,github.com,45.8,OK
2026-03-01 10:00:48,github.com,44.7,OK
2026-03-01 10:00:51,github.com,44.1,OK
2026-03-01 10:00:54,github.com,69.3,OK
2026-03-01 10:00:57,github.com,44.8,OK
2026-03-01 10:01:00,github.com,143.0,OK
2026-03-01 10:01:04,github.com,45.3,OK
2026-03-01 10:01:07,github.com,372.0,OK
2026-03-01 10:01:10,github.com,56.8,OK
2026-03-01 10:01:13,github.com,47.3,OK
2026-03-01 10:01:16,github.com,50.1,OK
2026-03-01 10:01:19,github.com,45.1,OK
2026-03-01 10:01:22,github.com,426.0,OK
2026-03-01 10:01:26,github.com,44.7,OK
2026-03-01 10:01:29,github.com,45.8,OK
2026-03-01 10:01:32,github.com,44.4,OK
2026-03-01 10:01:35,github.com,44.7,OK
2026-03-01 10:01:38,github.com,48.0,OK
2026-03-01 10:01:41,github.com,44.6,OK
2026-03-01 10:01:44,github.com,48.0,OK
2026-03-01 10:01:47,github.com,65.0,OK
2026-03-01 10:01:50,github.com,44.8,OK
2026-03-01 10:01:53,github.com,44.7,OK
2026-03-01 10:01:57,github.com,44.4,OK
2026-03-01 10:02:00,github.com,44.5,OK
2026-03-01 10:02:03,github.com,46.0,OK
2026-03-01 10:02:06,github.com,44.8,OK
2026-03-01 10:02:09,github.com,46.7,OK
2026-03-01 10:02:12,github.com,44.6,OK
2026-03-01 10:02:15,github.com,45.3,OK
2026-03-01 10:02:18,github.com,44.7,OK
2026-03-01 10:02:21,github.com,50.8,OK
2026-03-01 10:02:24,github.com,63.9,OK
2026-03-01 10:02:27,github.com,44.1,OK
2026-03-01 10:02:31,github.com,43.8,OK
2026-03-01 10:02:34,github.com,44.5,OK
2026-03-01 10:02:37,github.com,44.3,OK
2026-03-01 10:11:30,github.com,None,FAIL
2026-03-01 10:11:33,github.com,None,FAIL
2026-03-01 10:11:36,github.com,None,FAIL
2026-03-01 10:11:39,github.com,49.5,OK
2026-03-01 10:11:42,github.com,45.0,OK
2026-03-01 10:11:45,github.com,64.0,OK
2026-03-01 10:11:48,github.com,51.7,OK
2026-03-01 10:11:51,github.com,43.3,OK
2026-03-01 10:11:54,github.com,48.1,OK
2026-03-01 10:11:57,github.com,313.0,OK
2026-03-01 10:12:00,github.com,44.5,OK
2026-03-01 10:12:03,github.com,264.0,OK
2026-03-01 10:12:07,github.com,47.8,OK
2026-03-01 10:12:10,github.com,45.5,OK
2026-03-01 10:12:13,github.com,44.6,OK
2026-03-01 10:12:16,github.com,45.7,OK
